종목코드,종목명,시장,현재가,20일평균,상승률,거래량
000270,기아,KOSPI,123400,116850,5.61,700984
000660,SK하이닉스,KOSPI,587000,555150,5.74,3985583
005935,삼성전자우,KOSPI,81000,76860,5.39,1146714
005930,삼성전자,KOSPI,108000,102060,5.82,12222803
005380,현대차,KOSPI,302500,274125,10.35,1173271
402340,SK스퀘어,KOSPI,324000,300300,7.89,370050
267260,HD현대일렉트릭,KOSPI,849000,805350,5.42,79561
010130,고려아연,KOSPI,1480000,1248350,18.56,20094
028260,삼성물산,KOSPI,247500,230175,7.53,217246
009150,삼성전기,KOSPI,268500,241325,11.26,781774
003670,포스코퓨처엠,KOSPI,220500,205890,7.1,323772
012330,현대모비스,KOSPI,362000,315025,14.91,303696
247540,에코프로비엠,KOSDAQ GLOBAL,179500,154360,16.29,674670
298380,에이비엘바이오,KOSDAQ,203000,182345,11.33,1576353
007660,이수페타시스,KOSPI,147900,134235,10.18,1281144
086520,에코프로,KOSDAQ GLOBAL,116800,90850,28.56,5755687
066570,LG전자,KOSPI,94500,89645,5.42,538045
010120,LS ELECTRIC,KOSPI,501000,472275,6.08,107108
086280,현대글로비스,KOSPI,180800,167710,7.81,145914
277810,레인보우로보틱스,KOSDAQ,471500,409800,15.06,232443
307950,현대오토에버,KOSPI,294500,218380,34.86,229149
180640,한진칼,KOSPI,110900,102950,7.72,67297
000720,현대건설,KOSPI,71800,65755,9.19,1339280
950160,코오롱티슈진,KOSDAQ,82600,70125,17.79,562713
011070,LG이노텍,KOSPI,289000,252800,14.32,130142
064400,LG씨엔에스,KOSPI,64500,59270,8.82,970615
454910,두산로보틱스,KOSPI,83600,76235,9.66,406223
000250,삼천당제약,KOSDAQ,239500,220175,8.78,276245
450080,에코프로머티,KOSPI,64100,59670,7.42,485132
108490,로보티즈,KOSDAQ,284000,233740,21.5,459061
022100,포스코DX,KOSPI,27600,25892,6.59,592456
439260,대한조선,KOSPI,75000,68415,9.63,759401
082740,한화엔진,KOSPI,45500,42982,5.86,731472
071970,HD현대마린엔진,KOSPI,86700,81345,6.58,220304
017800,현대엘리베이터,KOSPI,93000,85270,9.07,175682
042670,HD현대인프라코어,KOSPI,15700,14500,8.27,1273400
009970,영원무역홀딩스,KOSPI,191900,176240,8.89,19451
204320,HL만도,KOSPI,55000,45835,20.0,856459
009420,한올바이오파마,KOSPI,50100,47460,5.56,505408
237690,에스티팜,KOSDAQ GLOBAL,125000,110165,13.47,191869
030530,원익홀딩스,KOSDAQ,30750,25805,19.16,6560142
004170,신세계,KOSPI,245500,229125,7.15,50773
095340,ISC,KOSDAQ GLOBAL,107900,98630,9.4,133239
039200,오스코텍,KOSDAQ,59600,56370,5.73,556362
069620,대웅제약,KOSPI,187300,175485,6.73,49549
160190,하이젠알앤엠,KOSDAQ,63500,53635,18.39,186987
005290,동진쎄미켐,KOSDAQ,38350,35802,7.12,490036
457190,이수스페셜티케미컬,KOSPI,66900,53657,24.68,802736
098460,고영,KOSDAQ,26950,22523,19.65,4671889
475830,오름테라퓨틱,KOSDAQ,85700,64470,32.93,321981
483650,달바글로벌,KOSPI,143500,131950,8.75,183111
011210,현대위아,KOSPI,65800,60040,9.59,74892
032350,롯데관광개발,KOSPI,22050,20915,5.42,716204
267270,HD현대건설기계,KOSPI,99800,93945,6.23,157835
395400,SK리츠,KOSPI,5760,5380,7.05,411760
005070,코스모신소재,KOSPI,53500,50257,6.45,532804
065350,신성델타테크,KOSDAQ,63600,57165,11.26,204444
290650,엘앤씨바이오,KOSDAQ,67200,58342,15.18,861917
445680,큐리옥스바이오시스템즈,KOSDAQ,93000,84555,9.99,77412
437730,삼현,KOSDAQ,49750,35837,38.82,1068639
005850,에스엘,KOSPI,43950,39462,11.37,138326
073240,금호타이어,KOSPI,6090,5687,7.08,375775
058610,에스피지,KOSDAQ,72900,52235,39.56,992841
083650,비에이치아이,KOSDAQ,51800,46380,11.69,1045705
007340,DN오토모티브,KOSPI,27600,24635,12.04,117398
060370,LS마린솔루션,KOSDAQ,30000,27340,9.73,488082
323280,태성,KOSDAQ,49800,41742,19.3,651865
178320,서진시스템,KOSDAQ,26800,24482,9.47,703777
077970,STX엔진,KOSPI,37300,32860,13.51,341644
003570,SNT다이내믹스,KOSPI,46200,43732,5.64,198666
466100,클로봇,KOSDAQ,51900,40547,28.0,11446730
358570,지아이이노베이션,KOSDAQ,20100,18430,9.06,1084803
000670,영풍,KOSPI,68200,62975,8.3,27727
120110,코오롱인더,KOSPI,46750,42835,9.14,405608
001430,세아베스틸지주,KOSPI,34950,28225,23.83,588526
085660,차바이오텍,KOSDAQ,15650,13709,14.16,440689
376900,로킷헬스케어,KOSDAQ,72600,66610,8.99,696444
319400,현대무벡스,KOSDAQ,10610,9329,13.73,6211995
232140,와이씨,KOSDAQ,14510,13517,7.34,493683
389470,인벤티지랩,KOSDAQ,91000,72200,26.04,378166
388720,유일로보틱스,KOSDAQ,92600,81170,14.08,471524
115180,큐리언트,KOSDAQ,29700,28272,5.05,190716
281740,레이크머티리얼즈,KOSDAQ,16130,13683,17.88,3286400
249420,일동제약,KOSPI,32500,29370,10.66,13406011
468530,프로티나,KOSDAQ,91300,78930,15.67,442740
486990,노타,KOSDAQ,45200,40287,12.19,3318004
161580,필옵틱스,KOSDAQ,45150,41597,8.54,791281
007810,코리아써키트,KOSPI,39900,33067,20.66,495861
424870,이뮨온시아,KOSDAQ,11580,9023,28.33,4645219
064960,SNT모티브,KOSPI,35000,32285,8.41,69186
036830,솔브레인홀딩스,KOSDAQ GLOBAL,42750,40600,5.3,39937
056190,에스에프에이,KOSDAQ GLOBAL,23900,22632,5.6,37886
218410,RFHIC,KOSDAQ,31800,28857,10.2,600186
000640,동아쏘시오홀딩스,KOSPI,122600,113845,7.69,12944
211050,인카금융서비스,KOSDAQ,15550,14390,8.06,99040
475960,토모큐브,KOSDAQ,57900,47675,21.45,372150
069260,TKG휴켐스,KOSPI,19450,18457,5.38,133585
032190,다우데이타,KOSDAQ,19950,17777,12.22,112323
174900,앱클론,KOSDAQ,39650,35747,10.92,387079
389650,넥스트바이오메디컬,KOSDAQ,89500,78815,13.56,116373
121600,나노신소재,KOSDAQ,60300,57142,5.53,66549
220100,퓨쳐켐,KOSDAQ,32700,31062,5.27,1200973
348210,넥스틴,KOSDAQ GLOBAL,69500,65970,5.35,172075
084110,휴온스글로벌,KOSDAQ,57500,53902,6.67,43954
089970,브이엠,KOSDAQ,29550,25547,15.67,1039220
090360,로보스타,KOSDAQ,76700,71395,7.43,263009
475150,SK이터닉스,KOSPI,20300,19244,5.49,415482
002840,미원상사,KOSPI,156900,148555,5.62,3098
102940,코오롱생명과학,KOSDAQ,56500,48870,15.61,108042
228760,지노믹트리,KOSDAQ,28100,25802,8.9,182189
025540,한국단자,KOSPI,67600,62675,7.86,54991
125490,한라캐스트,KOSDAQ,17930,13272,35.1,4004694
090710,휴림로봇,KOSDAQ,5690,5352,6.31,9865085
278280,천보,KOSDAQ,65200,58820,10.85,94226
372320,큐로셀,KOSDAQ,45000,41770,7.73,183048
131290,티에스이,KOSDAQ,58500,55357,5.68,39030
090460,비에이치,KOSPI,18720,17223,8.69,374217
001060,JW중외제약,KOSPI,27100,25755,5.22,94836
010780,아이에스동서,KOSPI,20900,18229,14.65,243426
036620,감성코퍼레이션,KOSDAQ,6700,6046,10.81,378580
394800,쓰리빌리언,KOSDAQ,18730,12904,45.15,2244635
124500,아이티센글로벌,KOSDAQ,25750,21037,22.4,5405239
025320,시노펙스,KOSDAQ,6820,6322,7.87,441157
383310,에코프로에이치엔,KOSDAQ,28300,26060,8.6,79736
093320,케이아이엔엑스,KOSDAQ,121500,99335,22.31,25472
222080,씨아이에스,KOSDAQ GLOBAL,7870,7176,9.67,363815
094170,동운아나텍,KOSDAQ,29150,25889,12.59,420456
060280,큐렉소,KOSDAQ,14270,11637,22.62,1554762
484590,삼양컴텍,KOSDAQ,13560,12120,11.88,5709855
494120,큐리오시스,KOSDAQ,72600,66215,9.64,471198
365340,성일하이텍,KOSDAQ,44400,41425,7.18,49580
309710,아이티켐,KOSDAQ,42350,36402,16.34,219855
119850,지엔씨에너지,KOSDAQ,33450,31597,5.86,288219
064260,다날,KOSDAQ,7160,6755,6.0,16592003
100790,미래에셋벤처투자,KOSDAQ,9950,8797,13.11,361697
161000,애경케미칼,KOSPI,11230,10534,6.6,296026
138610,나이벡,KOSDAQ,48350,39605,22.08,1223300
002240,고려제강,KOSPI,19700,18533,6.3,49969
056080,유진로봇,KOSDAQ,13660,12083,13.05,10455242
041960,코미팜,KOSDAQ,7070,6359,11.18,280644
189300,인텔리안테크,KOSDAQ,46550,42340,9.94,49272
053030,바이넥스,KOSDAQ,15270,14455,5.63,178557
029530,신도리코,KOSPI,50500,47077,7.27,14314
050890,쏠리드,KOSDAQ,8200,7549,8.62,2328678
171090,선익시스템,KOSDAQ,54100,49390,9.54,52662
099440,스맥,KOSDAQ,7180,5316,35.06,4816463
000650,천일고속,KOSPI,361500,199785,80.94,177240
455900,엔젤로보틱스,KOSDAQ,31300,29657,5.54,123437
126340,비나텍,KOSDAQ,74900,62125,20.56,134783
033240,자화전자,KOSPI,22100,18909,16.87,719208
005610,SPC삼립,KOSPI,54800,51985,5.42,6352
215600,신라젠,KOSDAQ,3355,3043,10.23,1216920
107640,한중엔시에스,KOSDAQ,51300,47500,8.0,382344
002710,TCC스틸,KOSPI,17350,16221,6.96,215923
060980,HL홀딩스,KOSPI,49000,45782,7.03,113071
039440,에스티아이,KOSDAQ,29450,25540,15.31,744062
042520,한스바이오메드,KOSDAQ,32650,30820,5.94,851383
043260,성호전자,KOSDAQ,6250,2815,122.02,20919351
114190,강원에너지,KOSDAQ,16630,15465,7.53,3696003
079940,가비아,KOSDAQ,32250,30277,6.51,40079
092200,디아이씨,KOSPI,10900,8380,30.07,4651941
033790,피노,KOSDAQ,6120,4683,30.67,348101
041830,인바디,KOSDAQ,31550,29585,6.64,47561
475400,씨메스,KOSDAQ,35250,31215,12.93,670664
122640,예스티,KOSDAQ,19200,17339,10.73,77422
304100,솔트룩스,KOSDAQ,31600,29620,6.68,262713
094360,칩스앤미디어,KOSDAQ,18720,15625,19.81,534233
001530,DI동일,KOSPI,20400,18666,9.29,82176
006110,삼아알미늄,KOSPI,27300,24110,13.23,390007
108860,셀바스AI,KOSDAQ,14870,12549,18.5,6506952
338840,와이바이오로직스,KOSDAQ,26050,24577,5.99,349609
067080,대화제약,KOSDAQ,21100,17783,18.65,556306
200710,에이디테크놀로지,KOSDAQ,28850,26112,10.48,192988
084010,대한제강,KOSPI,16950,16056,5.56,16701
082920,비츠로셀,KOSDAQ,17820,15450,15.34,992064
117730,티로보틱스,KOSDAQ,18060,16293,10.85,861408
046890,서울반도체,KOSDAQ GLOBAL,6620,6301,5.05,92778
348340,뉴로메카,KOSDAQ,33700,29097,15.82,254321
008060,대덕,KOSPI,11340,10513,7.87,122089
304360,에스바이오메딕스,KOSDAQ,32000,27450,16.58,100024
194370,제이에스코퍼레이션,KOSPI,12790,11360,12.58,384486
105840,우진,KOSPI,18240,15747,15.83,2374743
376270,에이치이엠파마,KOSDAQ,50300,42530,18.27,76333
441270,파인엠텍,KOSDAQ,9700,9099,6.6,2683067
357550,석경에이티,KOSDAQ,66800,53627,24.56,80136
448900,한국피아이엠,KOSDAQ,57800,49482,16.81,302582
009155,삼성전기우,KOSPI,122300,110480,10.7,32544
472850,폰드그룹,KOSDAQ,10690,8421,26.94,482719
065660,안트로젠,KOSDAQ,34150,26347,29.61,45299
488280,에스투더블유,KOSDAQ,31550,25980,21.44,444946
049630,재영솔루텍,KOSDAQ,2885,2082,38.52,33170979
001820,삼화콘덴서,KOSPI,32850,30870,6.41,141748
005720,넥센,KOSPI,6250,5898,5.97,29224
298830,슈어소프트테크,KOSDAQ,6200,5384,15.16,3292308
138490,코오롱ENP,KOSPI,8620,8038,7.24,287630
308080,바이젠셀,KOSDAQ,15800,6446,145.08,10238190
380550,뉴로핏,KOSDAQ,27350,24470,11.77,1062778
156100,엘앤케이바이오,KOSDAQ,15200,11700,29.91,608329
308430,셀비온,KOSDAQ,24700,21891,12.83,301291
295310,에이치브이엠,KOSDAQ,26600,23387,13.74,205200
092730,네오팜,KOSDAQ,20000,19000,5.26,105101
417310,코람코더원리츠,KOSPI,7970,7237,10.12,139834
010690,화신,KOSPI,8770,8204,6.9,187938
084990,헬릭스미스,KOSDAQ,6590,6205,6.2,393761
003200,일신방직,KOSPI,13070,12240,6.78,45423
007460,에이프로젠,KOSPI,910,717,26.79,22616138
092460,한라IMS,KOSDAQ,17770,16189,9.77,258438
481070,에이유브랜즈,KOSDAQ,20400,17533,16.35,53949
036890,진성티이씨,KOSDAQ,13160,12483,5.42,57908
452430,사피엔반도체,KOSDAQ,34800,29605,17.55,207008
199430,케이엔알시스템,KOSDAQ,26100,23755,9.87,281997
474650,링크솔루션,KOSDAQ,50000,36950,35.32,259594
394280,오픈엣지테크놀로지,KOSDAQ,12670,11611,9.12,93369
001460,BYC,KOSPI,44800,40870,9.62,13290
007160,사조산업,KOSPI,55600,51875,7.18,20234
299030,하나기술,KOSDAQ,33550,31245,7.38,76119
236200,슈프리마,KOSDAQ,37000,33560,10.25,18565
024850,HLB이노베이션,KOSDAQ,1892,1724,9.74,399014
051370,인터플렉스,KOSDAQ,11690,10497,11.36,793453
027360,아주IB투자,KOSDAQ,2200,2037,7.97,514135
476040,오가노이드사이언스,KOSDAQ,40400,35065,15.21,338583
393890,더블유씨피,KOSDAQ GLOBAL,7890,7359,7.21,427594
065710,서호전기,KOSDAQ,52200,45905,13.71,31018
128820,대성산업,KOSPI,5940,4793,23.92,23795051
049070,인탑스,KOSDAQ,15470,14522,6.52,59617
033530,SJG세종,KOSPI,9490,8774,8.15,676585
005950,이수화학,KOSPI,10120,9614,5.26,994943
900290,GRT,KOSDAQ,3305,2905,13.77,164277
255220,SG,KOSDAQ,2555,2404,6.26,2987822
368770,파이버프로,KOSDAQ,7880,6838,15.23,147522
011500,한농화성,KOSPI,16450,15382,6.94,270908
293780,압타바이오,KOSDAQ,9280,8119,14.29,457752
200470,에이팩트,KOSDAQ,5870,5090,15.31,1005511
389500,에스비비테크,KOSDAQ,39250,31045,26.43,417764
482630,삼양엔씨켐,KOSDAQ,22500,19457,15.64,202284
389020,자람테크놀로지,KOSDAQ,39350,35102,12.1,97034
318060,그래피,KOSDAQ,21550,16863,27.79,1637808
086890,이수앱지스,KOSDAQ,6240,5762,8.29,203680
003610,방림,KOSPI,5900,5556,6.19,129902
012210,삼미금속,KONEX,11870,10093,17.6,748
484810,티엑스알로보틱스,KOSDAQ,15130,14334,5.55,143860
037460,삼지전자,KOSDAQ,14160,13188,7.37,67736
371950,풍원정밀,KOSDAQ,10130,9594,5.58,20562
028100,동아지질,KOSPI,17450,16035,8.82,60000
123410,코리아에프티,KOSDAQ,8280,7245,14.29,339580
332570,PS일렉트로닉스,KOSDAQ,5080,4744,7.07,695093
290690,소룩스,KOSDAQ,4620,4254,8.6,467520
126600,BGF에코머티리얼즈,KOSDAQ,3520,3223,9.2,183875
298690,에어부산,KOSPI,1878,1773,5.91,1140363
112290,와이씨켐,KOSDAQ,21600,20550,5.11,42241
256940,킵스파마,KOSDAQ,10700,9802,9.16,71493
118990,모트렉스,KOSDAQ,8460,7953,6.37,44048
060150,인선이엔티,KOSDAQ,4445,4223,5.25,127337
244920,에이플러스에셋,KOSPI,8930,8078,10.55,379486
080580,오킨스전자,KOSDAQ,10240,8729,17.3,631420
014280,금강공업,KOSPI,6690,6128,9.16,967367
464080,에스오에스랩,KOSDAQ,11020,10109,9.01,325419
004310,현대약품,KOSPI,6110,4176,46.3,5136378
054450,텔레칩스,KOSDAQ,12910,11985,7.72,81318
040300,YTN,KOSDAQ,4085,3718,9.86,9934537
107600,새빗켐,KOSDAQ,34300,32250,6.36,65302
019210,와이지-원,KOSDAQ,5660,5272,7.36,76008
091580,상신이디피,KOSDAQ,13810,13148,5.03,459369
108230,톱텍,KOSDAQ,4825,4575,5.45,75711
013580,계룡건설,KOSPI,20150,18782,7.28,44847
260870,SK시그넷,KONEX,9790,8974,9.09,5125
264850,이랜시스,KOSDAQ,5860,5350,9.52,841031
340450,지씨지놈,KOSDAQ,7330,6947,5.51,150587
217820,원익피앤이,KOSDAQ,3755,3503,7.19,654189
417970,모델솔루션,KOSDAQ,26900,21621,24.42,970681
327260,RF머트리얼즈,KOSDAQ,20500,18426,11.26,234703
069510,에스텍,KOSDAQ,15700,14878,5.52,9248
456070,이엔셀,KOSDAQ,15580,13478,15.59,168932
146320,비씨엔씨,KOSDAQ,13650,12789,6.73,43897
033340,좋은사람들,KOSDAQ,1730,1575,9.81,758598
220260,켐트로스,KOSDAQ,6200,4640,33.62,880681
001360,삼성제약,KOSPI,1755,1455,20.58,11806860
317400,자이에스앤디,KOSPI,4215,3832,9.98,100660
047310,파워로직스,KOSDAQ,4445,4110,8.14,171465
049950,미래컴퍼니,KOSDAQ,18510,16963,9.12,98788
025950,동신건설,KOSDAQ,19320,16077,20.17,347180
039860,나노엔텍,KOSDAQ,4225,3222,31.11,25916417
011690,와이투솔루션,KOSPI,4350,3405,27.75,1947501
305090,마이크로디지탈,KOSDAQ,8410,7851,7.12,56605
331740,아우토크립트,KOSDAQ,15870,11891,33.46,932858
037070,파세코,KOSDAQ,7690,7279,5.64,45668
099750,이지케어텍,KOSDAQ,22350,17719,26.14,56325
012610,경인양행,KOSPI,3665,3014,21.59,12030696
080420,모다이노칩,KOSDAQ,1886,1721,9.54,307935
322180,LS티라유텍,KOSDAQ,7180,6709,7.02,225291
217730,강스템바이오텍,KOSDAQ,1600,1517,5.44,325204
002990,금호건설,KOSPI,4035,3802,6.11,78733
101170,우림피티에스,KOSDAQ,10960,7971,37.49,1455972
314130,지놈앤컴퍼니,KOSDAQ,4740,3673,29.05,1458105
041920,메디아나,KOSDAQ,7880,6008,31.15,4599318
021080,에이티넘인베스트,KOSDAQ,3025,2794,8.26,261865
443670,에스피소프트,KOSDAQ,5840,5464,6.88,135470
208370,셀바스헬스케어,KOSDAQ,5620,4580,22.7,3730576
489500,엘케이켐,KOSDAQ,22850,18718,22.08,106132
363280,티와이홀딩스,KOSPI,2820,2658,6.06,36787
138080,오이솔루션,KOSDAQ,12760,12143,5.08,66220
149950,아바텍,KOSDAQ,10350,9796,5.66,13086
246710,티앤알바이오팹,KOSDAQ,3080,1877,64.05,5950504
005800,신영와코루,KOSPI,15550,14712,5.69,61943
011280,태림포장,KOSPI,1960,1763,11.17,8436226
056090,시지메드텍,KOSDAQ,1325,1072,23.55,5405587
068240,다원시스,KOSDAQ,3595,3397,5.81,438715
418420,라온텍,KOSDAQ,4455,4224,5.47,190065
317830,에스피시스템스,KOSDAQ,12520,10184,22.93,1056585
388870,파로스아이바이오,KOSDAQ,10400,7929,31.16,1392740
084670,동양고속,KOSPI,46850,17550,166.95,3917126
126730,코칩,KOSDAQ,15460,13591,13.75,970714
010100,한국무브넥스,KOSPI,4380,3923,11.64,845285
142210,유니트론텍,KOSDAQ,6170,5563,10.9,423311
002460,HS화성,KOSPI,12800,11988,6.77,17491
365270,큐라클,KOSDAQ,6150,5401,13.86,275127
219130,타이거일렉,KOSDAQ,20700,19023,8.82,65101
002220,한일철강,KOSPI,4890,4338,12.72,249115
003060,에이프로젠바이오로직스,KOSPI,644,586,9.76,1541430
296160,프로젠,KONEX,8110,7617,6.47,11956
443250,레뷰코퍼레이션,KOSDAQ,11210,10469,7.07,17549
140670,알에스오토메이션,KOSDAQ,13580,12892,5.34,251284
101670,하이드로리튬,KOSDAQ,2320,2192,5.8,483621
014970,삼륭물산,KOSDAQ,8220,7693,6.85,5457709
033290,코웰패션,KOSDAQ,2205,2071,6.45,159142
036630,세종텔레콤,KOSDAQ,12220,10542,15.91,93265
067900,와이엔텍,KOSDAQ,6670,6134,8.73,221015
017370,우신시스템,KOSPI,6630,6313,5.02,12606
021320,KCC건설,KOSDAQ,5720,5112,11.89,51563
013360,일성건설,KOSPI,2245,1502,49.41,4295768
187790,나노,KOSDAQ,3960,3171,24.86,1046951
223250,드림씨아이에스,KOSDAQ,5070,4605,10.09,652539
049430,코메론,KOSDAQ,13360,12551,6.45,19631
064800,포니링크,KOSDAQ,940,817,15.05,1351942
950220,네오이뮨텍,KOSDAQ,721,614,17.3,20137353
348150,고바이오랩,KOSDAQ,6110,5347,14.26,1264579
090470,제이스텍,KOSDAQ,6650,4797,38.63,537940
004960,한신공영,KOSPI,10040,9084,10.52,348112
010660,화천기계,KOSPI,5150,4804,7.19,1241745
232680,라온테크,KOSDAQ,9280,7835,18.44,268286
168330,내츄럴엔도텍,KOSDAQ,3500,2457,42.41,173483
370090,퓨런티어,KOSDAQ,12700,12074,5.18,22715
348080,큐라티스,KOSDAQ,1318,1026,28.42,1380319
085910,네오티스,KOSDAQ,7740,5766,34.22,279279
067830,세이브존I&C,KOSPI,2605,2456,6.05,51164
002230,피에스텍,KOSDAQ,5640,4178,34.97,2469700
014790,HL D&I,KOSPI,2800,2612,7.2,107266
330730,스톤브릿지벤처스,KOSDAQ,5490,5104,7.56,73076
417010,나노팀,KOSDAQ,4930,4627,6.54,13845
014440,영보화학,KOSPI,5020,4765,5.34,98155
059270,해성에어로보틱스,KOSDAQ,8830,7971,10.77,295582
380540,옵티코어,KOSDAQ,2010,1635,22.9,1908790
306620,네온테크,KOSDAQ,2170,1945,11.53,691386
446840,지슨,KOSDAQ,1750,1637,6.86,129963
209640,와이제이링크,KOSDAQ,3340,2768,20.66,1604061
037350,성도이엔지,KOSDAQ,6190,5740,7.83,104151
091440,한울소재과학,KOSDAQ,3095,2714,14.04,263091
378800,샤페론,KOSDAQ,2045,1867,9.51,1563222
166480,코아스템켐온,KOSDAQ,1769,1420,24.57,11649918
273640,와이엠텍,KOSDAQ,8400,7996,5.05,53196
041910,폴라리스AI파마,KOSDAQ,6800,6267,8.5,3122327
228670,레이,KOSDAQ,5790,4947,17.03,249879
265740,엔에프씨,KOSDAQ,5030,4731,6.3,62676
302430,이노메트리,KOSDAQ,9080,7219,25.78,3238187
251630,브이원텍,KOSDAQ,5580,5157,8.2,78639
059120,아진엑스텍,KOSDAQ,9090,8145,11.6,102977
372910,한컴라이프케어,KOSPI,3040,2823,7.69,630900
006140,피제이전자,KOSDAQ,5690,5215,9.11,106578
318160,셀바이오휴먼텍,KOSDAQ,8990,8494,5.83,77917
217330,싸이토젠,KOSDAQ,3600,3368,6.87,550607
007820,에스엠코어,KOSDAQ,4160,3918,6.16,103473
389030,지니너스,KOSDAQ,2475,1964,26.01,1338640
104540,코렌텍,KOSDAQ,6470,5577,16.0,136624
456570,아이엠지티,KONEX,15580,12251,27.17,2837
000850,화천기공,KOSPI,36400,33247,9.48,70892
016250,SGC E&C,KOSDAQ,15850,14296,10.87,21729
212560,네오오토,KOSDAQ,6750,5493,22.87,2163589
001260,남광토건,KOSPI,8230,7623,7.96,118769
388790,라이콤,KOSDAQ,2595,2438,6.44,2609630
039010,현대에이치티,KOSDAQ,9100,8531,6.67,35466
064090,인크레더블버즈,KOSDAQ,1562,1260,23.89,1520073
361570,알비더블유,KOSDAQ,2685,2402,11.75,985113
042940,상지건설,KOSDAQ,11430,7840,45.78,1381382
419080,엔젯,KOSDAQ,7040,5355,31.45,1573771
290740,액트로,KOSDAQ,7290,6134,18.84,91765
393970,대진첨단소재,KOSDAQ,4895,4254,15.07,1610445
351330,이삭엔지니어링,KOSDAQ,8810,8163,7.92,94543
950200,소마젠,KOSDAQ,3800,3601,5.53,64030
263600,덕우전자,KOSDAQ,4550,4095,11.09,147576
155650,와이엠씨,KOSDAQ,3640,3388,7.43,28708
396270,넥스트칩,KOSDAQ,3505,2321,51.01,1905313
094940,푸른기술,KOSDAQ,8180,7663,6.75,86907
466410,사이냅소프트,KOSDAQ,13180,12051,9.36,659984
37550L,DL이앤씨2우(전환),KOSPI,31400,29580,6.15,2230
010240,흥국,KOSDAQ,5380,5105,5.38,96836
058730,다스코,KOSPI,3490,3151,10.73,242507
196300,HLB펩,KOSDAQ,7070,6624,6.73,31242
271830,팸텍,KOSDAQ,2175,1798,20.92,3159051
471820,셀로맥스사이언스,KOSDAQ,5500,4862,13.12,2560889
075180,새론오토모티브,KOSPI,3390,3193,6.14,9408
109960,앱토크롬,KOSDAQ,290,273,5.99,546008
051630,진양화학,KOSPI,2975,2719,9.39,66885
049550,잉크테크,KOSDAQ,3210,3001,6.94,21315
100660,서암기계공업,KOSDAQ,5020,3718,35.02,10182249
084180,수성웹툰,KOSDAQ,3430,3264,5.06,114543
357880,SKAI,KOSDAQ,1703,1611,5.71,5936726
066670,디티씨,KOSDAQ,3255,3004,8.35,23217
066430,아이로보틱스,KOSDAQ,1556,1189,30.8,16609831
129890,앱코,KOSDAQ,1296,1106,17.16,1395153
171010,램테크놀러지,KOSDAQ,4190,3932,6.56,311891
000725,현대건설우,KOSPI,56800,53885,5.41,5242
032960,동일기연,KOSDAQ,14330,13502,6.13,7979
254120,자비스,KOSDAQ,1906,1498,27.2,2412890
129920,대성하이텍,KOSDAQ,4090,3741,9.31,150814
173940,에프엔씨엔터,KOSDAQ,3725,3479,7.06,6364
002920,유성기업,KOSPI,2150,2043,5.23,116677
238120,얼라인드,KOSDAQ,3830,3536,8.31,68130
032790,엠젠솔루션,KOSDAQ,1105,1023,7.94,1690685
001465,BYC우,KOSPI,25550,23945,6.7,6062
069730,DSR제강,KOSPI,3820,3603,6.01,24308
002880,대유에이텍,KOSPI,1164,1074,8.33,270221
178780,일월지엠엘,KOSDAQ,2970,2814,5.52,19690
469750,아이비젼웍스,KOSDAQ,1486,1283,15.75,9119185
332290,누보,KOSDAQ,1292,1221,5.79,338095
096690,에이루트,KOSDAQ,2095,1904,10.03,68869
122830,원포유,KONEX,1485,1362,9.01,4331
128540,에코캡,KOSDAQ,1798,1679,7.06,140189
040160,누리플렉스,KOSDAQ,3990,3430,16.31,93892
317530,캐리소프트,KOSDAQ,4660,4208,10.73,27036
000760,이화산업,KOSPI,16770,14853,12.91,56984
067170,오텍,KOSDAQ,2010,1886,6.55,213373
204020,그리티,KOSDAQ,2365,2182,8.37,92960
307280,원바이오젠,KOSDAQ,6300,5834,7.98,96184
340440,세림B&G,KOSDAQ,1561,1474,5.84,1284080
104200,NHN벅스,KOSDAQ,2995,2658,12.67,3373577
353590,오토앤,KOSDAQ,3380,3193,5.86,79036
012200,계양전기,KOSPI,1585,1431,10.7,136846
457600,벡트,KOSDAQ,3090,2381,29.74,869880
188040,바이오포트,KOSDAQ,8950,8483,5.51,10444
002870,신풍,KOSPI,1200,1137,5.51,134127
043100,알파AI,KOSDAQ,2065,1811,14.01,728578
232830,아이티센피엔에스,KOSDAQ,2450,2234,9.66,165096
064520,테크엘,KOSDAQ,1780,1667,6.74,233023
210120,캔버스엔,KOSDAQ,1636,1436,13.86,454208
137080,나래나노텍,KOSDAQ,3520,3144,11.95,43421
263920,휴엠앤씨,KOSDAQ,4060,3833,5.92,87136
119500,포메탈,KOSDAQ,3300,3015,9.44,844288
002420,세기상사,KOSPI,6240,5406,15.42,906045
250030,진코스텍,KONEX,14230,12889,10.4,1185
276040,스코넥,KOSDAQ,1728,1514,14.12,263894
007815,코리아써우,KOSPI,12290,10653,15.37,38675
059100,아이컴포넌트,KOSDAQ,5120,4833,5.94,8597
123010,아이윈플러스,KOSDAQ,1143,1070,6.73,180260
048770,TPC,KOSDAQ,2280,2170,5.05,43742
214610,롤링스톤,KOSDAQ,4220,3829,10.21,11041
145210,다이나믹디자인,KOSPI,918,832,10.22,65952
017000,신원종합개발,KOSDAQ,2950,2765,6.68,549041
377330,이지트로닉스,KOSDAQ,4025,3764,6.93,21025
002820,SUN&L,KOSPI,2550,2415,5.59,841374
032680,소프트센,KOSDAQ,293,274,6.66,599883
012340,뉴인텍,KOSDAQ,592,446,32.68,15709231
233990,질경이,KONEX,2090,1946,7.38,3401
310870,디와이씨,KOSDAQ,1427,1330,7.22,174834
290560,신시웨이,KOSDAQ,7810,7199,8.48,26888
496320,본시스템즈,KONEX,28750,24945,15.25,0
317240,TS트릴리온,KOSDAQ,248,226,9.28,8258553
197140,디지캡,KOSDAQ,2145,2017,6.3,9214
478780,대신밸런스제18호스팩,KOSDAQ,3450,2998,15.08,124497
014910,성문전자,KOSPI,1152,1082,6.43,21232
076610,해성옵틱스,KOSDAQ,573,527,8.7,568557
327610,펨토바이오메드,KONEX,2990,1919,55.79,479
448760,IBKS제22호스팩,KOSDAQ,5480,4772,14.83,411283
341170,퓨쳐메디신,KONEX,2310,1140,102.5,1932
192390,윈하이텍,KOSDAQ,2270,2161,5.02,18873
121890,에스디시스템,KOSDAQ,1783,1655,7.71,232873
196700,웹스,KOSDAQ,1626,1522,6.77,121234
060230,제이케이시냅스,KOSDAQ,3060,2773,10.35,18860
086220,광동헬스바이오,KONEX,1657,1348,22.9,2322
101400,엔시트론,KOSDAQ,310,294,5.23,125583
154040,다산솔루에타,KOSDAQ,1169,1103,5.96,62146
043360,디지아이,KOSDAQ,2230,2074,7.52,35161
448830,미래에셋비전스팩3호,KOSDAQ,3745,2480,50.99,508693
052960,태양3C,KONEX,3700,3436,7.68,106
351020,미쥬,KONEX,9360,7860,19.08,201
169670,코스텍시스템,KONEX,6190,5667,9.22,18
121850,코이즈,KOSDAQ,5770,827,597.7,357840
065690,파커스,KOSDAQ,1230,1019,20.68,402808
026910,광진실업,KOSDAQ,2675,2498,7.07,16557
331660,한국미라클피플사,KONEX,13150,11124,18.21,10
112190,KC산업,KONEX,1589,1451,9.5,884
289170,바이오텐,KONEX,3695,3346,10.42,1
004105,태양금속우,KOSPI,3680,3396,8.34,34812
199290,바이오프로테크,KONEX,650,513,26.51,1
189350,코셋,KONEX,1702,1579,7.75,1
00781K,코리아써키트2우B,KOSPI,9760,8952,9.02,5673
318660,타임기술,KONEX,3310,2338,41.57,7300
014285,금강공업우,KOSPI,11720,9808,19.49,29825
236340,메디젠휴먼케어,KONEX,2100,1653,26.98,1
36328K,티와이홀딩스우,KOSPI,4760,4527,5.14,23614
223220,로지스몬,KONEX,6010,802,648.54,5
009415,태영건설우,KOSPI,8510,5361,58.72,169034
005965,동부건설우,KOSPI,19600,16204,20.96,47196
002995,금호건설우,KOSPI,15350,11667,31.57,50439
012205,계양전기우,KOSPI,3230,2955,9.31,459
011155,CJ씨푸드1우,KOSPI,16370,15047,8.79,1368
140660,위월드,KONEX,1499,1347,11.21,1
